"Número de série do chip","Número de telefone do chip","IMSI do chip","Lote do chip","Operadora do chip","Provedor de serviço do chip","Origem Softruck do chip","Data de criação do chip","Data de atualização do chip","Última origem de integração do chip","Última data de integração do chip","Nome do dispositivo","IMEI do dispositivo","Código do dispositivo","Nome da empresa","CNPJ da empresa","Nome da tag"
"89550680237002175266","5562998085877","-","-","Transmeet","Vivo","Verdadeiro","22/11/2017, 08:43:04","22/11/2017, 08:43:04","-","-","007042997","356430070429971","-","O GRUPO WIN ASSOCIAÇÃO DE BENEFICIOS","43579314000101","-"
"89550680137002872740","5562996319541","-","-","Transmeet","Vivo","Verdadeiro","15/01/2018, 13:57:54","26/03/2019, 11:37:18","-","-","007098055","356430070980551","-","O GRUPO WIN ASSOCIAÇÃO DE BENEFICIOS","43579314000101","-"
"89550680137002875792","5562999105201","-","-","Transmeet","Vivo","Verdadeiro","15/01/2018, 13:57:54","15/01/2018, 13:57:54","-","-","007101190","356430071011901","-","O GRUPO WIN ASSOCIAÇÃO DE BENEFICIOS","43579314000101","-"
"89550680137002873862","5562996852775","-","-","Transmeet","Vivo","Verdadeiro","15/01/2018, 13:57:54","15/01/2018, 13:57:54","-","-","007100964","356430071009640","-","O GRUPO WIN ASSOCIAÇÃO DE BENEFICIOS","43579314000101","-"
"89550680137002875776","5562999097238","-","-","Transmeet","Vivo","Verdadeiro","15/01/2018, 13:57:54","15/01/2018, 13:57:54","-","-","007101417","356430071014178","-","O GRUPO WIN ASSOCIAÇÃO DE BENEFICIOS","43579314000101","-"
"89553202100057038255","5516994954145","-","-","m2data","Algar","Falso","04/03/2024, 13:50:16","04/03/2024, 13:50:16","-","-","354778343401439","354778343401439","-","O GRUPO WIN ASSOCIAÇÃO DE BENEFICIOS","43579314000101","-"
"89553202100050050778","5516990624073","-","-","m2data","Algar","Falso","04/03/2024, 13:50:16","04/03/2024, 13:50:16","-","-","867232051542927","867232051542927","-","O GRUPO WIN ASSOCIAÇÃO DE BENEFICIOS","43579314000101","-"
"89553202100017422656","5516990416293","-","-","m2data","Algar","Falso","04/03/2024, 13:50:16","04/03/2024, 13:50:16","-","-","863844051610852","863844051610852","-","O GRUPO WIN ASSOCIAÇÃO DE BENEFICIOS","43579314000101","-"
"89553202100017422607","5516990419431","-","-","m2data","Algar","Falso","04/03/2024, 13:50:16","04/03/2024, 13:50:16","-","-","865205039418644","865205039418644","-","O GRUPO WIN ASSOCIAÇÃO DE BENEFICIOS","43579314000101","-"
"89553202100036342950","5516995707558","-","-","m2data","Algar","Falso","04/03/2024, 13:50:16","04/03/2024, 13:50:16","-","-","867232053159324","867232053159324","-","O GRUPO WIN ASSOCIAÇÃO DE BENEFICIOS","43579314000101","-"
"89550680237002171208","5562999138701","-","-","Transmeet","Vivo","Verdadeiro","14/12/2017, 14:12:08","14/12/2017, 14:12:08","-","-","007063190","356430070631907","-","O GRUPO WIN ASSOCIAÇÃO DE BENEFICIOS","43579314000101","-"
"89550680237002178567","5562999097437","-","-","Transmeet","Vivo","Falso","22/11/2017, 08:43:04","22/11/2017, 08:43:04","-","-","007039403","356430070394035","-","O GRUPO WIN ASSOCIAÇÃO DE BENEFICIOS","43579314000101","-"
"89550680237002177775","5562996797534","-","-","Transmeet","Vivo","Verdadeiro","22/11/2017, 08:43:04","22/11/2017, 08:43:04","-","-","007039452","356430070394522","-","O GRUPO WIN ASSOCIAÇÃO DE BENEFICIOS","43579314000101","-"
"89550680237002178005","5562996803653","-","-","Transmeet","Vivo","Verdadeiro","22/11/2017, 08:43:04","22/11/2017, 08:43:04","-","-","007039393","356430070393938","-","O GRUPO WIN ASSOCIAÇÃO DE BENEFICIOS","43579314000101","-"
"89550680237002192832","5562998207457","-","-","Transmeet","Vivo","Verdadeiro","14/12/2017, 14:12:08","14/12/2017, 14:12:08","-","-","007063169","356430070631691","-","O GRUPO WIN ASSOCIAÇÃO DE BENEFICIOS","43579314000101","-"
"89551025142007645150","5511996670045","-","-","Allcom","Vivo","Verdadeiro","02/02/2018, 17:49:33","02/02/2018, 17:49:33","-","-","007066391","356430070663918","-","O GRUPO WIN ASSOCIAÇÃO DE BENEFICIOS","43579314000101","-"
"89551025142007645937","5511999513032","-","-","Allcom","Vivo","Verdadeiro","02/02/2018, 17:49:33","02/02/2018, 17:49:33","-","-","007075805","356430070758056","-","O GRUPO WIN ASSOCIAÇÃO DE BENEFICIOS","43579314000101","-"
"89553202100047474057","5516990969648","-","-","m2data","Algar","Falso","04/03/2024, 13:50:16","13/02/2025, 12:53:58","-","-","867232053182755","867232053182755","-","O GRUPO WIN ASSOCIAÇÃO DE BENEFICIOS","43579314000101","-"
"89551080337002578958","5511975396911","-","-","Allcom","Vivo","Verdadeiro","12/07/2018, 17:46:01","12/07/2018, 17:46:01","-","-","007194578","356430071945785","-","O GRUPO WIN ASSOCIAÇÃO DE BENEFICIOS","43579314000101","-"
"89551080337006764471","5511950922280","-","-","Allcom","Vivo","Verdadeiro","21/01/2019, 11:16:06","21/01/2019, 11:16:06","-","-","862193027854223","862193027854223","-","O GRUPO WIN ASSOCIAÇÃO DE BENEFICIOS","43579314000101","-"
"89552380157003509801","5531972537984","-","-","Vivo","Vivo","Verdadeiro","17/06/2024, 08:43:56","17/06/2024, 08:45:56","-","-","807649528","356428076495285","-","O GRUPO WIN ASSOCIAÇÃO DE BENEFICIOS","43579314000101","-"
"89552380157003509769","5531972482158","-","-","Vivo","Vivo","Verdadeiro","17/06/2024, 08:43:56","17/06/2024, 08:45:56","-","-","807650334","356428076503344","-","O GRUPO WIN ASSOCIAÇÃO DE BENEFICIOS","43579314000101","-"
"89552380157003509918","5531972648991","-","-","Vivo","Vivo","Verdadeiro","17/06/2024, 08:43:56","17/06/2024, 08:45:56","-","-","807649506","356428076495061","-","O GRUPO WIN ASSOCIAÇÃO DE BENEFICIOS","43579314000101","-"
"89552380157003509900","5531972648706","-","-","Vivo","Vivo","Verdadeiro","17/06/2024, 08:43:56","17/06/2024, 08:45:56","-","-","807652283","356428076522831","-","O GRUPO WIN ASSOCIAÇÃO DE BENEFICIOS","43579314000101","-"
"89552380157003509876","5531972603546","-","-","Vivo","Vivo","Verdadeiro","17/06/2024, 08:43:56","17/06/2024, 08:45:56","-","-","807652272","356428076522724","-","O GRUPO WIN ASSOCIAÇÃO DE BENEFICIOS","43579314000101","-"
"89550680237002179847","5562999524386","-","-","Transmeet","Vivo","Verdadeiro","22/11/2017, 08:43:04","22/11/2017, 08:43:04","-","-","007047369","356430070473698","-","O GRUPO WIN ASSOCIAÇÃO DE BENEFICIOS","43579314000101","-"
"89551181142000290582","5581981030894","-","-","Allcom","Vivo","Verdadeiro","02/02/2018, 17:49:33","02/02/2018, 17:49:33","-","-","007067840","356430070678403","-","O GRUPO WIN ASSOCIAÇÃO DE BENEFICIOS","43579314000101","-"
"89550680237002191644","5562999139570","-","-","Transmeet","Vivo","Verdadeiro","14/12/2017, 14:12:08","14/12/2017, 14:12:08","-","-","007063194","356430070631949","-","O GRUPO WIN ASSOCIAÇÃO DE BENEFICIOS","43579314000101","-"
"89551080337002576176","5511943560820","-","-","Allcom","Vivo","Verdadeiro","12/07/2018, 17:46:01","12/07/2018, 17:46:01","-","-","007184456","356430071844566","-","O GRUPO WIN ASSOCIAÇÃO DE BENEFICIOS","43579314000101","-"
"89551080337006764109","5511950911784","-","-","Allcom","Vivo","Verdadeiro","21/01/2019, 11:16:06","21/01/2019, 11:16:06","-","-","862193027840552","862193027840552","-","O GRUPO WIN ASSOCIAÇÃO DE BENEFICIOS","43579314000101","-"
"89551080337006764166","5511950912429","-","-","Allcom","Vivo","Verdadeiro","21/01/2019, 11:16:06","21/01/2019, 11:16:06","-","-","862193027852235","862193027852235","-","O GRUPO WIN ASSOCIAÇÃO DE BENEFICIOS","43579314000101","-"
"89551080337006764463","5511950921898","-","-","Allcom","Vivo","Verdadeiro","21/01/2019, 11:16:06","21/01/2019, 11:16:06","-","-","862193027840958","862193027840958","-","O GRUPO WIN ASSOCIAÇÃO DE BENEFICIOS","43579314000101","-"
"89551080337006764489","5511950924015","-","-","Allcom","Vivo","Verdadeiro","21/01/2019, 11:16:06","21/01/2019, 11:16:06","-","-","862193027844349","862193027844349","-","O GRUPO WIN ASSOCIAÇÃO DE BENEFICIOS","43579314000101","-"
"89551080437000792583","5511950306917","-","-","Allcom","Vivo","Verdadeiro","21/09/2018, 15:44:05","21/09/2018, 15:44:05","-","-","007282844","356430072828444","-","O GRUPO WIN ASSOCIAÇÃO DE BENEFICIOS","43579314000101","-"
"89551181142000290665","5581981077169","-","-","Allcom","Vivo","Verdadeiro","02/02/2018, 17:49:33","02/02/2018, 17:49:33","-","-","007067858","356430070678585","-","O GRUPO WIN ASSOCIAÇÃO DE BENEFICIOS","43579314000101","-"
"89551080337006764216","5511950912601","-","-","Allcom","Vivo","Verdadeiro","21/01/2019, 11:16:06","21/01/2019, 11:16:06","-","-","862193027840586","862193027840586","-","O GRUPO WIN ASSOCIAÇÃO DE BENEFICIOS","43579314000101","-"
"89551080437000792211","5511943650492","-","-","Allcom","Vivo","Verdadeiro","21/09/2018, 15:44:05","21/09/2018, 15:44:05","-","-","007276255","356430072762551","-","O GRUPO WIN ASSOCIAÇÃO DE BENEFICIOS","43579314000101","-"
"89551080337006764323","5511950913784","-","-","Allcom","Vivo","Verdadeiro","21/01/2019, 11:16:06","21/01/2019, 11:16:06","-","-","862193027857739","862193027857739","-","O GRUPO WIN ASSOCIAÇÃO DE BENEFICIOS","43579314000101","-"
"89551080337006764604","5511950929520","-","-","Allcom","Vivo","Verdadeiro","21/01/2019, 11:16:06","21/01/2019, 11:16:06","-","-","862193027840909","862193027840909","-","O GRUPO WIN ASSOCIAÇÃO DE BENEFICIOS","43579314000101","-"
"89551080337006764190","5511950912476","-","-","Allcom","Vivo","Verdadeiro","21/01/2019, 11:16:06","21/01/2019, 11:16:06","-","-","862193027840388","862193027840388","-","O GRUPO WIN ASSOCIAÇÃO DE BENEFICIOS","43579314000101","-"
"89551080337006764224","5511950912742","-","-","Allcom","Vivo","Verdadeiro","21/01/2019, 11:16:06","21/01/2019, 11:16:06","-","-","862193027840834","862193027840834","-","O GRUPO WIN ASSOCIAÇÃO DE BENEFICIOS","43579314000101","-"
"89551080337006764455","5511950921520","-","-","Allcom","Vivo","Verdadeiro","21/01/2019, 11:16:06","21/01/2019, 11:16:06","-","-","862193027840891","862193027840891","-","O GRUPO WIN ASSOCIAÇÃO DE BENEFICIOS","43579314000101","-"
"89551080337006764596","5511950929441","-","-","Allcom","Vivo","Verdadeiro","21/01/2019, 11:16:06","21/01/2019, 11:16:06","-","-","862193027841063","862193027841063","-","O GRUPO WIN ASSOCIAÇÃO DE BENEFICIOS","43579314000101","-"
"89551080337006764497","5511950924225","-","-","Allcom","Vivo","Verdadeiro","21/01/2019, 11:16:06","21/01/2019, 11:16:06","-","-","862193027846161","862193027846161","-","O GRUPO WIN ASSOCIAÇÃO DE BENEFICIOS","43579314000101","-"
"89551080337006764539","5511950924559","-","-","Allcom","Vivo","Verdadeiro","21/01/2019, 11:16:06","21/01/2019, 11:16:06","-","-","862193027840545","862193027840545","-","O GRUPO WIN ASSOCIAÇÃO DE BENEFICIOS","43579314000101","-"
"89551080337006764547","5511950924639","-","-","Allcom","Vivo","Verdadeiro","21/01/2019, 11:16:06","21/01/2019, 11:16:06","-","-","862193027859842","862193027859842","-","O GRUPO WIN ASSOCIAÇÃO DE BENEFICIOS","43579314000101","-"
"89551080437001139834","5511975154769","-","-","Allcom","Vivo","Verdadeiro","21/09/2018, 15:44:05","21/09/2018, 15:44:05","-","-","007277123","356430072771230","-","O GRUPO WIN ASSOCIAÇÃO DE BENEFICIOS","43579314000101","-"
"89552380157004931467","5531997103514","-","-","Vivo","Vivo","Verdadeiro","24/09/2024, 10:15:13","07/10/2024, 08:34:23","-","-","807800829","356428078008292","-","O GRUPO WIN ASSOCIAÇÃO DE BENEFICIOS","43579314000101","-"
"867232051480607","551699758261","-","-","-","M2DATA","Falso","17/04/2024, 11:13:34","17/04/2024, 11:13:34","-","-","867232051480607","867232051480607","-","O GRUPO WIN ASSOCIAÇÃO DE BENEFICIOS","43579314000101","-"
"89552380157004320992","5531996918684","-","-","Vivo","Vivo","Verdadeiro","25/06/2024, 18:20:30","17/07/2024, 11:09:25","-","-","807632746","356428076327462","-","O GRUPO WIN ASSOCIAÇÃO DE BENEFICIOS","43579314000101","-"
"89552380157004321073","5531996927692","-","-","Vivo","Vivo","Verdadeiro","25/06/2024, 18:20:30","17/07/2024, 11:09:25","-","-","807634582","356428076345829","-","O GRUPO WIN ASSOCIAÇÃO DE BENEFICIOS","43579314000101","-"
"89552380157004321081","5531996929992","-","-","Vivo","Vivo","Verdadeiro","25/06/2024, 18:20:30","17/07/2024, 11:09:25","-","-","807632530","356428076325300","-","O GRUPO WIN ASSOCIAÇÃO DE BENEFICIOS","43579314000101","-"
"89551080337002522444","5511961870309","-","-","Allcom","Vivo","Verdadeiro","12/07/2018, 17:46:01","12/07/2018, 17:46:01","-","-","007184292","356430071842925","-","O GRUPO WIN ASSOCIAÇÃO DE BENEFICIOS","43579314000101","-"
"89551181142000292422","5581981891149","-","-","Allcom","Vivo","Verdadeiro","02/02/2018, 17:49:33","02/02/2018, 17:49:33","-","-","007066034","356430070660344","-","O GRUPO WIN ASSOCIAÇÃO DE BENEFICIOS","43579314000101","-"
"89551080337002581283","5511943790088","-","-","Allcom","Vivo","Verdadeiro","12/07/2018, 17:46:01","12/07/2018, 17:46:01","-","-","007184429","356430071844293","-","O GRUPO WIN ASSOCIAÇÃO DE BENEFICIOS","43579314000101","-"
"89551080337006764174","5511950912444","-","-","Allcom","Vivo","Verdadeiro","21/01/2019, 11:16:06","21/01/2019, 11:16:06","-","-","862193027840768","862193027840768","-","O GRUPO WIN ASSOCIAÇÃO DE BENEFICIOS","43579314000101","-"
"89551080337006764208","5511950912481","-","-","Allcom","Vivo","Verdadeiro","21/01/2019, 11:16:06","21/01/2019, 11:16:06","-","-","862193027853183","862193027853183","-","O GRUPO WIN ASSOCIAÇÃO DE BENEFICIOS","43579314000101","-"
"89551025142007644179","5511973827892","-","-","Allcom","Vivo","Verdadeiro","02/02/2018, 17:49:33","04/04/2019, 16:24:57","-","-","007075603","356430070756035","-","O GRUPO WIN ASSOCIAÇÃO DE BENEFICIOS","43579314000101","-"
"89551025142007642090","5511943981356","-","-","Allcom","Vivo","Verdadeiro","02/02/2018, 17:49:33","02/02/2018, 17:49:33","-","-","007078265","356430070782650","-","O GRUPO WIN ASSOCIAÇÃO DE BENEFICIOS","43579314000101","-"
"89551025142007644302","5511974210650","-","-","Allcom","Vivo","Verdadeiro","02/02/2018, 17:49:33","02/02/2018, 17:49:33","-","-","007075787","356430070757876","-","O GRUPO WIN ASSOCIAÇÃO DE BENEFICIOS","43579314000101","-"
"89551080337002524424","5511996107186","-","-","Allcom","Vivo","Verdadeiro","12/07/2018, 17:46:01","12/07/2018, 17:46:01","-","-","007184310","356430071843105","-","O GRUPO WIN ASSOCIAÇÃO DE BENEFICIOS","43579314000101","-"
"89551080337002583735","5511975279953","-","-","Allcom","Vivo","Verdadeiro","12/07/2018, 17:46:01","12/07/2018, 17:46:01","-","-","007184163","356430071841638","-","O GRUPO WIN ASSOCIAÇÃO DE BENEFICIOS","43579314000101","-"
"89551080337006764182","5511950912445","-","-","Allcom","Vivo","Verdadeiro","21/01/2019, 11:16:06","21/01/2019, 11:16:06","-","-","862193027853878","862193027853878","-","O GRUPO WIN ASSOCIAÇÃO DE BENEFICIOS","43579314000101","-"
"89551080437000802580","5511944905729","-","-","Allcom","Vivo","Verdadeiro","21/09/2018, 15:44:05","21/09/2018, 15:44:05","-","-","007282226","356430072822264","-","O GRUPO WIN ASSOCIAÇÃO DE BENEFICIOS","43579314000101","-"
"89551080437001136996","5511943151067","-","-","Allcom","Vivo","Verdadeiro","21/09/2018, 15:44:05","21/09/2018, 15:44:05","-","-","007277130","356430072771305","-","O GRUPO WIN ASSOCIAÇÃO DE BENEFICIOS","43579314000101","-"
"89551080437001138935","5511971014631","-","-","Allcom","Vivo","Verdadeiro","21/09/2018, 15:44:05","21/09/2018, 15:44:05","-","-","007280801","356430072808016","-","O GRUPO WIN ASSOCIAÇÃO DE BENEFICIOS","43579314000101","-"
"89551080437001138950","5511971090048","-","-","Allcom","Vivo","Verdadeiro","21/09/2018, 15:44:05","21/09/2018, 15:44:05","-","-","007280791","356430072807919","-","O GRUPO WIN ASSOCIAÇÃO DE BENEFICIOS","43579314000101","-"
"89553202100013090549","5516990901275","-","-","m2data","Algar","Falso","04/03/2024, 13:50:16","04/03/2024, 13:50:16","-","-","-","-","-","O GRUPO WIN ASSOCIAÇÃO DE BENEFICIOS","43579314000101","-"
"89553202100013100231","5516990735519","-","-","m2data","Algar","Falso","04/03/2024, 13:50:16","04/03/2024, 13:50:16","-","-","864893039190726","864893039190726","-","O GRUPO WIN ASSOCIAÇÃO DE BENEFICIOS","43579314000101","-"
"89553202100009385085","5516990581228","-","-","m2data","Algar","Falso","04/03/2024, 13:50:16","04/03/2024, 13:50:16","-","-","864893036502915","864893036502915","-","O GRUPO WIN ASSOCIAÇÃO DE BENEFICIOS","43579314000101","-"
"89553202100053858722","5516990839959","-","-","m2data","Algar","Falso","04/03/2024, 13:50:16","04/03/2024, 13:50:16","-","-","354778343351089","354778343351089","-","O GRUPO WIN ASSOCIAÇÃO DE BENEFICIOS","43579314000101","-"
"89553202100036343362","5516995708941","-","-","m2data","Algar","Falso","04/03/2024, 13:50:16","04/03/2024, 13:50:16","-","-","867232053157252","867232053157252","-","O GRUPO WIN ASSOCIAÇÃO DE BENEFICIOS","43579314000101","-"
"89553202100017422573","5516990419436","-","-","m2data","Algar","Falso","04/03/2024, 13:50:16","04/03/2024, 13:50:16","-","-","865205039436737","865205039436737","-","O GRUPO WIN ASSOCIAÇÃO DE BENEFICIOS","43579314000101","-"
"89553202100047499633","5516989758261","-","-","m2data","Algar","Falso","04/03/2024, 13:50:16","04/03/2024, 13:50:16","-","-","-","-","-","O GRUPO WIN ASSOCIAÇÃO DE BENEFICIOS","43579314000101","-"
"89553202100018028437","5516994857909","-","-","m2data","Algar","Falso","04/03/2024, 13:50:16","04/03/2024, 13:50:16","-","-","864893039750966","864893039750966","-","O GRUPO WIN ASSOCIAÇÃO DE BENEFICIOS","43579314000101","-"
"89553202100009385127","5516990582796","-","-","m2data","Algar","Falso","04/03/2024, 13:50:16","04/03/2024, 13:50:16","-","-","864893036502576","864893036502576","-","O GRUPO WIN ASSOCIAÇÃO DE BENEFICIOS","43579314000101","-"
"89553202100013102104","5516990733942","-","-","m2data","Algar","Falso","04/03/2024, 13:50:16","04/03/2024, 13:50:16","-","-","007324011","356430073240110","-","O GRUPO WIN ASSOCIAÇÃO DE BENEFICIOS","43579314000101","-"
"89553202100050052824","5516999727856","-","-","m2data","Algar","Falso","04/03/2024, 13:50:16","04/03/2024, 13:50:16","-","-","867232051537760","867232051537760","-","O GRUPO WIN ASSOCIAÇÃO DE BENEFICIOS","43579314000101","-"
"89553202100018029583","5516994846425","-","-","m2data","Algar","Falso","04/03/2024, 13:50:16","04/03/2024, 13:50:16","-","-","865205039325484","865205039325484","-","O GRUPO WIN ASSOCIAÇÃO DE BENEFICIOS","43579314000101","-"
"89553202100047474081","5516996820421","-","-","m2data","Algar","Falso","04/03/2024, 13:50:16","04/03/2024, 13:50:16","-","-","867232053175767","867232053175767","-","O GRUPO WIN ASSOCIAÇÃO DE BENEFICIOS","43579314000101","-"
"89553202100032266633","5516999454631","-","-","m2data","Algar","Falso","04/03/2024, 13:50:16","04/03/2024, 13:50:16","-","-","865205039591895","865205039591895","-","O GRUPO WIN ASSOCIAÇÃO DE BENEFICIOS","43579314000101","-"
"89553202100013090580","5516990902734","-","-","m2data","Algar","Falso","04/03/2024, 13:50:16","04/03/2024, 13:50:16","-","-","864893038451087","864893038451087","-","O GRUPO WIN ASSOCIAÇÃO DE BENEFICIOS","43579314000101","-"
"89553202100050050760","5516990624079","-","-","m2data","Algar","Falso","04/03/2024, 13:50:16","04/03/2024, 13:50:16","-","-","867232051477686","867232051477686","-","O GRUPO WIN ASSOCIAÇÃO DE BENEFICIOS","43579314000101","-"
"89553202100047499864","5516989750421","-","-","m2data","Algar","Falso","04/03/2024, 13:50:16","04/03/2024, 13:50:16","-","-","867232051468909","867232051468909","-","O GRUPO WIN ASSOCIAÇÃO DE BENEFICIOS","43579314000101","-"
"89553202100032266625","5516999451355","-","-","m2data","Algar","Falso","04/03/2024, 13:50:16","04/03/2024, 13:50:16","-","-","865205039526990","865205039526990","-","O GRUPO WIN ASSOCIAÇÃO DE BENEFICIOS","43579314000101","-"
"89553202100050052808","5516996713955","-","-","m2data","Algar","Falso","04/03/2024, 13:50:16","04/03/2024, 13:50:16","-","-","867232053149564","867232053149564","-","O GRUPO WIN ASSOCIAÇÃO DE BENEFICIOS","43579314000101","-"
"89553202100054651670","5516990569598","-","-","m2data","Algar","Falso","04/03/2024, 13:50:16","04/03/2024, 13:50:16","-","-","354778343342476","354778343342476","-","O GRUPO WIN ASSOCIAÇÃO DE BENEFICIOS","43579314000101","-"
"89553202100050035068","5516990660119","-","-","m2data","Algar","Falso","04/03/2024, 15:40:00","04/03/2024, 15:40:00","-","-","867232053163367","867232053163367","-","O GRUPO WIN ASSOCIAÇÃO DE BENEFICIOS","43579314000101","-"
"89553202100032266609","5516999457458","-","-","m2data","Algar","Falso","04/03/2024, 13:50:16","04/03/2024, 13:50:16","-","-","-","-","-","O GRUPO WIN ASSOCIAÇÃO DE BENEFICIOS","43579314000101","-"
"89553202100009385150","5516990582820","-","-","m2data","Algar","Falso","04/03/2024, 13:50:16","04/03/2024, 13:50:16","-","-","-","-","-","O GRUPO WIN ASSOCIAÇÃO DE BENEFICIOS","43579314000101","-"
"89553202100009385101","5516990581206","-","-","m2data","Algar","Falso","04/03/2024, 13:50:16","04/03/2024, 13:50:16","-","-","-","-","-","O GRUPO WIN ASSOCIAÇÃO DE BENEFICIOS","43579314000101","-"
"89553202100013100249","5516990735488","-","-","m2data","Algar","Falso","04/03/2024, 13:50:16","04/03/2024, 13:50:16","-","-","-","-","-","O GRUPO WIN ASSOCIAÇÃO DE BENEFICIOS","43579314000101","-"
"89553202100013100207","5516990733902","-","-","m2data","Algar","Falso","04/03/2024, 13:50:16","04/03/2024, 13:50:16","-","-","-","-","-","O GRUPO WIN ASSOCIAÇÃO DE BENEFICIOS","43579314000101","-"
"89553202100032266591","5516999454602","-","-","m2data","Algar","Falso","04/03/2024, 13:50:16","04/03/2024, 13:50:16","-","-","-","-","-","O GRUPO WIN ASSOCIAÇÃO DE BENEFICIOS","43579314000101","-"
"89553202100017422649","5516990416241","-","-","m2data","Algar","Falso","04/03/2024, 13:50:16","04/03/2024, 13:50:16","-","-","-","-","-","O GRUPO WIN ASSOCIAÇÃO DE BENEFICIOS","43579314000101","-"
"89553202100017422631","5516990419401","-","-","m2data","Algar","Falso","04/03/2024, 13:50:16","04/03/2024, 13:50:16","-","-","-","-","-","O GRUPO WIN ASSOCIAÇÃO DE BENEFICIOS","43579314000101","-"
"89553202100036343313","5516995697229","-","-","m2data","Algar","Falso","04/03/2024, 13:50:16","04/03/2024, 13:50:16","-","-","867232053300639","867232053300639","-","O GRUPO WIN ASSOCIAÇÃO DE BENEFICIOS","43579314000101","-"
"89553202100050050745","5516999729218","-","-","m2data","Algar","Falso","04/03/2024, 13:50:16","04/03/2024, 13:50:16","-","-","-","-","-","O GRUPO WIN ASSOCIAÇÃO DE BENEFICIOS","43579314000101","-"
"89553202100024863850","5516999190690","-","-","m2data","Algar","Falso","04/03/2024, 13:50:16","04/03/2024, 13:50:16","-","-","-","-","-","O GRUPO WIN ASSOCIAÇÃO DE BENEFICIOS","43579314000101","-"
"89553202100047474065","5516996822114","-","-","m2data","Algar","Falso","04/03/2024, 13:50:16","04/03/2024, 13:50:16","-","-","-","-","-","O GRUPO WIN ASSOCIAÇÃO DE BENEFICIOS","43579314000101","-"
"89553202100009385119","5516990580667","-","-","m2data","Algar","Falso","04/03/2024, 13:50:16","04/03/2024, 13:50:16","-","-","-","-","-","O GRUPO WIN ASSOCIAÇÃO DE BENEFICIOS","43579314000101","-"
"89553202100047500067","5516996625697","-","-","m2data","Algar","Falso","04/03/2024, 13:50:16","04/03/2024, 13:50:16","-","-","-","-","-","O GRUPO WIN ASSOCIAÇÃO DE BENEFICIOS","43579314000101","-"
"89553202100050052865","5516996630130","-","-","m2data","Algar","Falso","04/03/2024, 13:50:16","04/03/2024, 13:50:16","-","-","-","-","-","O GRUPO WIN ASSOCIAÇÃO DE BENEFICIOS","43579314000101","-"
"89553202100050034905","5516990900495","-","-","m2data","Algar","Falso","04/03/2024, 13:50:16","04/03/2024, 13:50:16","-","-","-","-","-","O GRUPO WIN ASSOCIAÇÃO DE BENEFICIOS","43579314000101","-"
"89553202100047474040","5516996823590","-","-","m2data","Algar","Falso","04/03/2024, 13:50:16","04/03/2024, 13:50:16","-","-","-","-","-","O GRUPO WIN ASSOCIAÇÃO DE BENEFICIOS","43579314000101","-"
"89553202100049998681","5516996820647","-","-","m2data","Algar","Falso","04/03/2024, 13:50:16","04/03/2024, 13:50:16","-","-","-","-","-","O GRUPO WIN ASSOCIAÇÃO DE BENEFICIOS","43579314000101","-"
"89553202100047499641","5516990554966","-","-","m2data","Algar","Falso","04/03/2024, 13:50:16","04/03/2024, 13:50:16","-","-","-","-","-","O GRUPO WIN ASSOCIAÇÃO DE BENEFICIOS","43579314000101","-"
"89553202100050151303","5516989759430","-","-","m2data","Algar","Falso","04/03/2024, 13:50:16","04/03/2024, 13:50:16","-","-","-","-","-","O GRUPO WIN ASSOCIAÇÃO DE BENEFICIOS","43579314000101","-"
"89553202100050050737","5516996960302","-","-","m2data","Algar","Falso","04/03/2024, 13:50:16","04/03/2024, 13:50:16","-","-","-","-","-","O GRUPO WIN ASSOCIAÇÃO DE BENEFICIOS","43579314000101","-"
"89553202100032363380","5516998268104","-","-","m2data","Algar","Falso","04/03/2024, 13:50:16","04/03/2024, 13:50:16","-","-","-","-","-","O GRUPO WIN ASSOCIAÇÃO DE BENEFICIOS","43579314000101","-"
"89553202100036343347","5516995700747","-","-","m2data","Algar","Falso","04/03/2024, 13:50:16","04/03/2024, 13:50:16","-","-","-","-","-","O GRUPO WIN ASSOCIAÇÃO DE BENEFICIOS","43579314000101","-"
"89553202100050022397","5516990587804","-","-","m2data","Algar","Falso","04/03/2024, 13:50:16","04/03/2024, 13:50:16","-","-","-","-","-","O GRUPO WIN ASSOCIAÇÃO DE BENEFICIOS","43579314000101","-"
"89553202100050051073","5516990699345","-","-","m2data","Algar","Falso","04/03/2024, 13:50:16","04/03/2024, 13:50:16","-","-","-","-","-","O GRUPO WIN ASSOCIAÇÃO DE BENEFICIOS","43579314000101","-"
"89553202100053858748","5516990904495","-","-","m2data","Algar","Falso","04/03/2024, 13:50:16","04/03/2024, 13:50:16","-","-","-","-","-","O GRUPO WIN ASSOCIAÇÃO DE BENEFICIOS","43579314000101","-"
"89553202100053858797","5516990555880","-","-","m2data","Algar","Falso","04/03/2024, 13:50:16","04/03/2024, 13:50:16","-","-","354778343350404","354778343350404","-","O GRUPO WIN ASSOCIAÇÃO DE BENEFICIOS","43579314000101","-"
"89553202100053858755","5516990567775","-","-","m2data","Algar","Falso","04/03/2024, 13:50:16","04/03/2024, 13:50:16","-","-","354778343356096","354778343356096","-","O GRUPO WIN ASSOCIAÇÃO DE BENEFICIOS","43579314000101","-"
"89553202100053858730","5516989539037","-","-","m2data","Algar","Falso","04/03/2024, 13:50:16","04/03/2024, 13:50:16","-","-","-","-","-","O GRUPO WIN ASSOCIAÇÃO DE BENEFICIOS","43579314000101","-"
"89553202100050034897","5516990901671","-","-","m2data","Algar","Falso","04/03/2024, 13:50:16","04/03/2024, 13:50:16","-","-","867232053162112","867232053162112","-","O GRUPO WIN ASSOCIAÇÃO DE BENEFICIOS","43579314000101","-"
"89553202100050052832","5516999595121","-","-","m2data","Algar","Falso","04/03/2024, 13:50:16","04/03/2024, 13:50:16","-","-","-","-","-","O GRUPO WIN ASSOCIAÇÃO DE BENEFICIOS","43579314000101","-"
"89553202100050051040","5516999845316","-","-","m2data","Algar","Falso","04/03/2024, 13:50:16","04/03/2024, 13:50:16","-","-","-","-","-","O GRUPO WIN ASSOCIAÇÃO DE BENEFICIOS","43579314000101","-"
"89553202100049998145","5516996820898","-","-","m2data","Algar","Falso","04/03/2024, 13:50:16","04/03/2024, 13:50:16","-","-","867232053148327","867232053148327","-","O GRUPO WIN ASSOCIAÇÃO DE BENEFICIOS","43579314000101","-"
"89553202100047472531","5516990658871","-","-","m2data","Algar","Falso","04/03/2024, 13:50:16","04/03/2024, 13:50:16","-","-","-","-","-","O GRUPO WIN ASSOCIAÇÃO DE BENEFICIOS","43579314000101","-"
"89553202100054651340","5516999010967","-","-","m2data","Algar","Falso","04/03/2024, 13:50:16","04/03/2024, 13:50:16","-","-","354778343341270","354778343341270","-","O GRUPO WIN ASSOCIAÇÃO DE BENEFICIOS","43579314000101","-"
"89553202100036342414","5516995709052","-","-","m2data","Algar","Falso","04/03/2024, 13:50:16","04/03/2024, 13:50:16","-","-","-","-","-","O GRUPO WIN ASSOCIAÇÃO DE BENEFICIOS","43579314000101","-"
"89553202100047499658","5516989758257","-","-","m2data","Algar","Falso","04/03/2024, 13:50:16","04/03/2024, 13:50:16","-","-","-","-","-","O GRUPO WIN ASSOCIAÇÃO DE BENEFICIOS","43579314000101","-"
"89553202100050034947","5516990791408","-","-","m2data","Algar","Falso","04/03/2024, 13:50:16","04/03/2024, 13:50:16","-","-","-","-","-","O GRUPO WIN ASSOCIAÇÃO DE BENEFICIOS","43579314000101","-"
"89553202100054651217","5516999993229","-","-","m2data","Algar","Falso","04/03/2024, 13:50:16","04/03/2024, 13:50:16","-","-","-","-","-","O GRUPO WIN ASSOCIAÇÃO DE BENEFICIOS","43579314000101","-"
"89553202100009385135","5516990581254","-","-","m2data","Algar","Falso","04/03/2024, 13:50:16","04/03/2024, 13:50:16","-","-","864893036502485","864893036502485","-","O GRUPO WIN ASSOCIAÇÃO DE BENEFICIOS","43579314000101","-"
"89553202100054567546","5516994811015","-","-","m2data","Algar","Falso","04/03/2024, 13:50:16","04/03/2024, 13:50:16","-","-","867232053152618","867232053152618","-","O GRUPO WIN ASSOCIAÇÃO DE BENEFICIOS","43579314000101","-"
"89553202100050028246","5516999283182","-","-","m2data","Algar","Falso","04/03/2024, 13:50:16","04/03/2024, 13:50:16","-","-","-","-","-","O GRUPO WIN ASSOCIAÇÃO DE BENEFICIOS","43579314000101","-"
"89553202100047472515","5516996962524","-","-","m2data","Algar","Falso","04/03/2024, 13:50:16","04/03/2024, 13:50:16","-","-","-","-","-","O GRUPO WIN ASSOCIAÇÃO DE BENEFICIOS","43579314000101","-"
"89553202100024863900","5516999194903","-","-","m2data","Algar","Falso","04/03/2024, 13:50:16","04/03/2024, 13:50:16","-","-","-","-","-","O GRUPO WIN ASSOCIAÇÃO DE BENEFICIOS","43579314000101","-"
"89553202100013101940","5516990737126","-","-","m2data","Algar","Falso","04/03/2024, 13:50:16","04/03/2024, 13:50:16","-","-","-","-","-","O GRUPO WIN ASSOCIAÇÃO DE BENEFICIOS","43579314000101","-"
"89553202100050035076","5516990660163","-","-","m2data","Algar","Falso","04/03/2024, 13:50:16","04/03/2024, 13:50:16","-","-","-","-","-","O GRUPO WIN ASSOCIAÇÃO DE BENEFICIOS","43579314000101","-"
"89553202100032266617","5516999459710","-","-","m2data","Algar","Falso","04/03/2024, 13:50:16","04/03/2024, 13:50:16","-","-","865205039419980","865205039419980","-","O GRUPO WIN ASSOCIAÇÃO DE BENEFICIOS","43579314000101","-"
"89553202100057038206","5516995033740","-","-","m2data","Algar","Falso","04/03/2024, 13:50:16","04/03/2024, 13:50:16","-","-","354778343412493","354778343412493","-","O GRUPO WIN ASSOCIAÇÃO DE BENEFICIOS","43579314000101","-"
"89553202100057038222","5516990516327","-","-","m2data","Algar","Falso","04/03/2024, 13:50:16","04/03/2024, 13:50:16","-","-","354778343412600","354778343412600","-","O GRUPO WIN ASSOCIAÇÃO DE BENEFICIOS","43579314000101","-"
"89553202100057038214","5516995035223","-","-","m2data","Algar","Falso","04/03/2024, 13:50:16","04/03/2024, 13:50:16","-","-","354778343401629","354778343401629","-","O GRUPO WIN ASSOCIAÇÃO DE BENEFICIOS","43579314000101","-"
"89553202100057038248","5516990515528","-","-","m2data","Algar","Falso","04/03/2024, 13:50:16","04/03/2024, 13:50:16","-","-","354778343412436","354778343412436","-","O GRUPO WIN ASSOCIAÇÃO DE BENEFICIOS","43579314000101","-"
"89553202100057038271","5516998770159","-","-","m2data","Algar","Falso","04/03/2024, 13:50:16","04/03/2024, 13:50:16","-","-","354778343403187","354778343403187","-","O GRUPO WIN ASSOCIAÇÃO DE BENEFICIOS","43579314000101","-"
"89553202100057038826","5516999861971","-","-","m2data","Algar","Falso","04/03/2024, 13:50:16","04/03/2024, 13:50:16","-","-","354778343401827","354778343401827","-","O GRUPO WIN ASSOCIAÇÃO DE BENEFICIOS","43579314000101","-"
"89553202100057038172","5516994917932","-","-","m2data","Algar","Falso","04/03/2024, 13:50:16","04/03/2024, 13:50:16","-","-","354778343410109","354778343410109","-","O GRUPO WIN ASSOCIAÇÃO DE BENEFICIOS","43579314000101","-"
"89553202100057038198","5516995035145","-","-","m2data","Algar","Falso","04/03/2024, 13:50:16","04/03/2024, 13:50:16","-","-","354778343413277","354778343413277","-","O GRUPO WIN ASSOCIAÇÃO DE BENEFICIOS","43579314000101","-"
"89553202100057038289","5516990905137","-","-","m2data","Algar","Falso","04/03/2024, 13:50:16","04/03/2024, 13:50:16","-","-","354778343413442","354778343413442","-","O GRUPO WIN ASSOCIAÇÃO DE BENEFICIOS","43579314000101","-"
"89553202100057038156","5516994912224","-","-","m2data","Algar","Falso","04/03/2024, 13:50:16","04/03/2024, 13:50:16","-","-","354778343411990","354778343411990","-","O GRUPO WIN ASSOCIAÇÃO DE BENEFICIOS","43579314000101","-"
"89553202100057038784","5516999474462","-","-","m2data","Algar","Falso","04/03/2024, 13:50:16","04/03/2024, 13:50:16","-","-","354778343406859","354778343406859","-","O GRUPO WIN ASSOCIAÇÃO DE BENEFICIOS","43579314000101","-"
"89553202100057038164","5516994916607","-","-","m2data","Algar","Falso","04/03/2024, 13:50:16","04/03/2024, 13:50:16","-","-","354778343410042","354778343410042","-","O GRUPO WIN ASSOCIAÇÃO DE BENEFICIOS","43579314000101","-"
"89553202100057038818","5516999697129","-","-","m2data","Algar","Falso","04/03/2024, 13:50:16","04/03/2024, 13:50:16","-","-","354778343405141","354778343405141","-","O GRUPO WIN ASSOCIAÇÃO DE BENEFICIOS","43579314000101","-"
"89553202100057038180","5516995039445","-","-","m2data","Algar","Falso","04/03/2024, 13:50:16","04/03/2024, 13:50:16","-","-","354778343412253","354778343412253","-","O GRUPO WIN ASSOCIAÇÃO DE BENEFICIOS","43579314000101","-"
"89553202100057038263","5516998779873","-","-","m2data","Algar","Falso","04/03/2024, 13:50:16","04/03/2024, 13:50:16","-","-","354778343414333","354778343414333","-","O GRUPO WIN ASSOCIAÇÃO DE BENEFICIOS","43579314000101","-"
"89553202100057038297","5516990583328","-","-","m2data","Algar","Falso","04/03/2024, 13:50:16","04/03/2024, 13:50:16","-","-","354778343412972","354778343412972","-","O GRUPO WIN ASSOCIAÇÃO DE BENEFICIOS","43579314000101","-"
"89553202100057038230","5516990507708","-","-","m2data","Algar","Falso","04/03/2024, 13:50:16","04/03/2024, 13:50:16","-","-","354778343413533","354778343413533","-","O GRUPO WIN ASSOCIAÇÃO DE BENEFICIOS","43579314000101","-"
"89553202100054651357","5516996701862","-","-","m2data","Algar","Falso","04/03/2024, 13:50:16","04/03/2024, 13:50:16","-","-","354778343340942","354778343340942","-","O GRUPO WIN ASSOCIAÇÃO DE BENEFICIOS","43579314000101","-"
"89553202100054651001","5516996828898","-","-","m2data","Algar","Falso","04/03/2024, 13:50:16","04/03/2024, 13:50:16","-","-","354778343341650","354778343341650","-","O GRUPO WIN ASSOCIAÇÃO DE BENEFICIOS","43579314000101","-"
"89553202100049998152","5516999365489","-","-","m2data","Algar","Falso","04/03/2024, 13:50:16","04/03/2024, 13:50:16","-","-","867232053069044","867232053069044","-","O GRUPO WIN ASSOCIAÇÃO DE BENEFICIOS","43579314000101","-"
"89553202100057038792","5516994871781","-","-","m2data","Algar","Falso","04/03/2024, 13:50:16","04/03/2024, 13:50:16","-","-","354778343414499","354778343414499","-","O GRUPO WIN ASSOCIAÇÃO DE BENEFICIOS","43579314000101","-"
"89553202100036343321","5516995699601","-","-","m2data","Algar","Falso","04/03/2024, 13:50:16","04/03/2024, 13:50:16","-","-","867232053367125","867232053367125","-","O GRUPO WIN ASSOCIAÇÃO DE BENEFICIOS","43579314000101","-"
"89553202100047474149","5516996966675","-","-","m2data","Algar","Falso","04/03/2024, 13:50:16","04/03/2024, 13:50:16","-","-","867232053182250","867232053182250","-","O GRUPO WIN ASSOCIAÇÃO DE BENEFICIOS","43579314000101","-"
"89553202100049998673","5516999968433","-","-","m2data","Algar","Falso","04/03/2024, 13:50:16","04/03/2024, 13:50:16","-","-","867232053148426","867232053148426","-","O GRUPO WIN ASSOCIAÇÃO DE BENEFICIOS","43579314000101","-"
"89553202100013090556","5516990907532","-","-","m2data","Algar","Falso","04/03/2024, 13:50:16","04/03/2024, 13:50:16","-","-","864893038449982","864893038449982","-","O GRUPO WIN ASSOCIAÇÃO DE BENEFICIOS","43579314000101","-"
"89553202100024863934","5516999199898","-","-","m2data","Algar","Falso","04/03/2024, 13:50:16","04/03/2024, 13:50:16","-","-","865205039583934","865205039583934","-","O GRUPO WIN ASSOCIAÇÃO DE BENEFICIOS","43579314000101","-"
"89553202100017422599","5516990417258","-","-","m2data","Algar","Falso","04/03/2024, 13:50:16","04/03/2024, 13:50:16","-","-","865205039431027","865205039431027","-","O GRUPO WIN ASSOCIAÇÃO DE BENEFICIOS","43579314000101","-"
"89553202100018029591","5516994846445","-","-","m2data","Algar","Falso","04/03/2024, 13:50:16","04/03/2024, 13:50:16","-","-","865205039406136","865205039406136","-","O GRUPO WIN ASSOCIAÇÃO DE BENEFICIOS","43579314000101","-"
"89553202100054650995","5516999405044","-","-","m2data","Algar","Falso","04/03/2024, 13:50:16","04/03/2024, 13:50:16","-","-","354778343338268","354778343338268","-","O GRUPO WIN ASSOCIAÇÃO DE BENEFICIOS","43579314000101","-"
"89553202100013102120","5516990735558","-","-","m2data","Algar","Falso","04/03/2024, 13:50:16","04/03/2024, 13:50:16","-","-","-","-","-","O GRUPO WIN ASSOCIAÇÃO DE BENEFICIOS","43579314000101","-"
"89553202100024863876","5516999190945","-","-","m2data","Algar","Falso","04/03/2024, 13:50:16","04/03/2024, 13:50:16","-","-","865205039589030","865205039589030","-","O GRUPO WIN ASSOCIAÇÃO DE BENEFICIOS","43579314000101","-"
"89553202100018029559","5516994846398","-","-","m2data","Algar","Falso","04/03/2024, 13:50:16","04/03/2024, 13:50:16","-","-","864893039750883","864893039750883","-","O GRUPO WIN ASSOCIAÇÃO DE BENEFICIOS","43579314000101","-"
"89553202100054651233","5516990987067","-","-","m2data","Algar","Falso","04/03/2024, 13:50:16","04/03/2024, 13:50:16","-","-","354778343348101","354778343348101","-","O GRUPO WIN ASSOCIAÇÃO DE BENEFICIOS","43579314000101","-"
"89553202100018029534","5516994846393","-","-","m2data","Algar","Falso","04/03/2024, 13:50:16","04/03/2024, 13:50:16","-","-","864893039749802","864893039749802","-","O GRUPO WIN ASSOCIAÇÃO DE BENEFICIOS","43579314000101","-"
"89553202100050028238","5516999288219","-","-","m2data","Algar","Falso","04/03/2024, 13:50:16","04/03/2024, 13:50:16","-","-","867232051490523","867232051490523","-","O GRUPO WIN ASSOCIAÇÃO DE BENEFICIOS","43579314000101","-"
"89553202100017422623","5516990419426","-","-","m2data","Algar","Falso","04/03/2024, 13:50:16","04/03/2024, 13:50:16","-","-","865205039444723","865205039444723","-","O GRUPO WIN ASSOCIAÇÃO DE BENEFICIOS","43579314000101","-"
"89553202100032363398","5516998269704","-","-","m2data","Algar","Falso","04/03/2024, 13:50:16","04/03/2024, 13:50:16","-","-","354778341642455","354778341642455","-","O GRUPO WIN ASSOCIAÇÃO DE BENEFICIOS","43579314000101","-"
"89553202100032363406","5516998266385","-","-","m2data","Algar","Falso","04/03/2024, 13:50:16","04/03/2024, 13:50:16","-","-","867232053171469","867232053171469","-","O GRUPO WIN ASSOCIAÇÃO DE BENEFICIOS","43579314000101","-"
"89553202100018029526","5516994846381","-","-","m2data","Algar","Falso","04/03/2024, 13:50:16","04/03/2024, 13:50:16","-","-","865205039438709","865205039438709","-","O GRUPO WIN ASSOCIAÇÃO DE BENEFICIOS","43579314000101","-"
"89553202100047474073","5516999873351","-","-","m2data","Algar","Falso","04/03/2024, 13:50:16","04/03/2024, 13:50:16","-","-","867232053061108","867232053061108","-","O GRUPO WIN ASSOCIAÇÃO DE BENEFICIOS","43579314000101","-"
"89553202100053858789","5516995705660","-","-","m2data","Algar","Falso","04/03/2024, 13:50:16","04/03/2024, 13:50:16","-","-","354778343342989","354778343342989","-","O GRUPO WIN ASSOCIAÇÃO DE BENEFICIOS","43579314000101","-"
"89553202100024863868","5516999199134","-","-","m2data","Algar","Falso","04/03/2024, 13:50:16","04/03/2024, 13:50:16","-","-","865205039607675","865205039607675","-","O GRUPO WIN ASSOCIAÇÃO DE BENEFICIOS","43579314000101","-"
"89553202100013090598","5516990902812","-","-","m2data","Algar","Falso","04/03/2024, 13:50:16","04/03/2024, 13:50:16","-","-","864893038451921","864893038451921","-","O GRUPO WIN ASSOCIAÇÃO DE BENEFICIOS","43579314000101","-"
"89553202100050034939","5516990830395","-","-","m2data","Algar","Falso","04/03/2024, 13:50:16","04/03/2024, 13:50:16","-","-","867232053141918","867232053141918","-","O GRUPO WIN ASSOCIAÇÃO DE BENEFICIOS","43579314000101","-"
"89553202100024863892","5516999191383","-","-","m2data","Algar","Falso","04/03/2024, 13:50:16","04/03/2024, 13:50:16","-","-","865205039437529","865205039437529","-","O GRUPO WIN ASSOCIAÇÃO DE BENEFICIOS","43579314000101","-"
"89553202100013095639","5516990920485","-","-","m2data","Algar","Falso","04/03/2024, 13:50:16","04/03/2024, 13:50:16","-","-","864893038449248","864893038449248","-","O GRUPO WIN ASSOCIAÇÃO DE BENEFICIOS","43579314000101","-"
"89553202100013102112","5516990733864","-","-","m2data","Algar","Falso","04/03/2024, 13:50:16","04/03/2024, 13:50:16","-","-","864893039751063","864893039751063","-","O GRUPO WIN ASSOCIAÇÃO DE BENEFICIOS","43579314000101","-"
"89553202100050050752","5516990703492","-","-","m2data","Algar","Falso","04/03/2024, 13:50:16","04/03/2024, 13:50:16","-","-","867232053180262","867232053180262","-","O GRUPO WIN ASSOCIAÇÃO DE BENEFICIOS","43579314000101","-"
"89553202100024863918","5516999193147","-","-","m2data","Algar","Falso","04/03/2024, 13:50:16","04/03/2024, 13:50:16","-","-","865205039589048","865205039589048","-","O GRUPO WIN ASSOCIAÇÃO DE BENEFICIOS","43579314000101","-"
"89553202100017422581","5516990416259","-","-","m2data","Algar","Falso","04/03/2024, 13:50:16","04/03/2024, 13:50:16","-","-","865205039441836","865205039441836","-","O GRUPO WIN ASSOCIAÇÃO DE BENEFICIOS","43579314000101","-"
"89553202100013100215","5516990735539","-","-","m2data","Algar","Falso","04/03/2024, 13:50:16","04/03/2024, 13:50:16","-","-","864893039191187","864893039191187","-","O GRUPO WIN ASSOCIAÇÃO DE BENEFICIOS","43579314000101","-"
"89553202100009385143","5516990581213","-","-","m2data","Algar","Falso","04/03/2024, 13:50:16","04/03/2024, 13:50:16","-","-","864893036506288","864893036506288","-","O GRUPO WIN ASSOCIAÇÃO DE BENEFICIOS","43579314000101","-"
"89553202100047499625","5516989751663","-","-","m2data","Algar","Falso","04/03/2024, 13:50:16","04/03/2024, 13:50:16","-","-","-","-","-","O GRUPO WIN ASSOCIAÇÃO DE BENEFICIOS","43579314000101","-"
"89553202100024863926","5516996611789","-","-","m2data","Algar","Falso","04/03/2024, 13:50:16","04/03/2024, 13:50:16","-","-","865205039603310","865205039603310","-","O GRUPO WIN ASSOCIAÇÃO DE BENEFICIOS","43579314000101","-"
"89553202100049998160","5516990765480","-","-","m2data","Algar","Falso","04/03/2024, 13:50:16","04/03/2024, 13:50:16","-","-","867232053177599","867232053177599","-","O GRUPO WIN ASSOCIAÇÃO DE BENEFICIOS","43579314000101","-"
"89553202100013090572","5516990906022","-","-","m2data","Algar","Falso","04/03/2024, 13:50:16","04/03/2024, 13:50:16","-","-","864893038451681","864893038451681","-","O GRUPO WIN ASSOCIAÇÃO DE BENEFICIOS","43579314000101","-"
"89553202100024863843","5516999197060","-","-","m2data","Algar","Falso","04/03/2024, 13:50:16","04/03/2024, 13:50:16","-","-","-","-","-","O GRUPO WIN ASSOCIAÇÃO DE BENEFICIOS","43579314000101","-"
"89553202100018028429","5516994857919","-","-","m2data","Algar","Falso","04/03/2024, 13:50:16","04/03/2024, 13:50:16","-","-","864893039750826","864893039750826","-","O GRUPO WIN ASSOCIAÇÃO DE BENEFICIOS","43579314000101","-"
"89553202100018029575","5516994846419","-","-","m2data","Algar","Falso","04/03/2024, 13:50:16","04/03/2024, 13:50:16","-","-","865205039573240","865205039573240","-","O GRUPO WIN ASSOCIAÇÃO DE BENEFICIOS","43579314000101","-"
"89553202100053858763","5516996908737","-","-","m2data","Algar","Falso","04/03/2024, 13:50:16","04/03/2024, 13:50:16","-","-","354778343355916","354778343355916","-","O GRUPO WIN ASSOCIAÇÃO DE BENEFICIOS","43579314000101","-"
"89553202100032362846","5516998261530","-","-","m2data","Algar","Falso","04/03/2024, 13:50:16","04/03/2024, 13:50:16","-","-","354778341642083","354778341642083","-","O GRUPO WIN ASSOCIAÇÃO DE BENEFICIOS","43579314000101","-"
"89553202100013095647","5516990920466","-","-","m2data","Algar","Falso","04/03/2024, 13:50:16","04/03/2024, 13:50:16","-","-","864893038451590","864893038451590","-","O GRUPO WIN ASSOCIAÇÃO DE BENEFICIOS","43579314000101","-"
"89553202100050052857","5516996823596","-","-","m2data","Algar","Falso","04/03/2024, 13:50:16","04/03/2024, 13:50:16","-","-","867232053180692","867232053180692","-","O GRUPO WIN ASSOCIAÇÃO DE BENEFICIOS","43579314000101","-"
"89553202100050052816","5516996712248","-","-","m2data","Algar","Falso","04/03/2024, 13:50:16","04/03/2024, 13:50:16","-","-","867232053141850","867232053141850","-","O GRUPO WIN ASSOCIAÇÃO DE BENEFICIOS","43579314000101","-"
"89553202100050052907","5516999410473","-","-","m2data","Algar","Falso","04/03/2024, 13:50:16","04/03/2024, 13:50:16","-","-","867232053182680","867232053182680","-","O GRUPO WIN ASSOCIAÇÃO DE BENEFICIOS","43579314000101","-"
"89553202100013102138","5516990733925","-","-","m2data","Algar","Falso","04/03/2024, 13:50:16","04/03/2024, 13:50:16","-","-","864893039751436","864893039751436","-","O GRUPO WIN ASSOCIAÇÃO DE BENEFICIOS","43579314000101","-"
"89553202100050051057","5516990467545","-","-","m2data","Algar","Falso","04/03/2024, 13:50:16","04/03/2024, 13:50:16","-","-","867232053136587","867232053136587","-","O GRUPO WIN ASSOCIAÇÃO DE BENEFICIOS","43579314000101","-"
"89553202100054567553","5516994811047","-","-","m2data","Algar","Falso","04/03/2024, 13:50:16","04/03/2024, 13:50:16","-","-","867232053143054","867232053143054","-","O GRUPO WIN ASSOCIAÇÃO DE BENEFICIOS","43579314000101","-"
"89553202100050052840","5516996776946","-","-","m2data","Algar","Falso","04/03/2024, 13:50:16","04/03/2024, 13:50:16","-","-","867232053170271","867232053170271","-","O GRUPO WIN ASSOCIAÇÃO DE BENEFICIOS","43579314000101","-"
"89553202100047499930","5516989758038","-","-","m2data","Algar","Falso","04/03/2024, 13:50:16","04/03/2024, 13:50:16","-","-","867232051540095","867232051540095","-","O GRUPO WIN ASSOCIAÇÃO DE BENEFICIOS","43579314000101","-"
"89553202100050034921","5516990925095","-","-","m2data","Algar","Falso","04/03/2024, 13:50:16","04/03/2024, 13:50:16","-","-","867232053163110","867232053163110","-","O GRUPO WIN ASSOCIAÇÃO DE BENEFICIOS","43579314000101","-"
"89553202100047499849","5516989758127","-","-","m2data","Algar","Falso","04/03/2024, 13:50:16","04/03/2024, 13:50:16","-","-","867232051466416","867232051466416","-","O GRUPO WIN ASSOCIAÇÃO DE BENEFICIOS","43579314000101","-"
"89553202100036343354","5516995702652","-","-","m2data","Algar","Falso","04/03/2024, 13:50:16","04/03/2024, 13:50:16","-","-","867232053178134","867232053178134","-","O GRUPO WIN ASSOCIAÇÃO DE BENEFICIOS","43579314000101","-"
"89553202100047472523","5516990931822","-","-","m2data","Algar","Falso","04/03/2024, 13:50:16","04/03/2024, 13:50:16","-","-","867232053067717","867232053067717","-","O GRUPO WIN ASSOCIAÇÃO DE BENEFICIOS","43579314000101","-"
"89553202100049998178","5516990720612","-","-","m2data","Algar","Falso","04/03/2024, 13:50:16","04/03/2024, 13:50:16","-","-","867232053154549","867232053154549","-","O GRUPO WIN ASSOCIAÇÃO DE BENEFICIOS","43579314000101","-"
"89553202100054651225","5516990506935","-","-","m2data","Algar","Falso","04/03/2024, 13:50:16","04/03/2024, 13:50:16","-","-","354778343349844","354778343349844","-","O GRUPO WIN ASSOCIAÇÃO DE BENEFICIOS","43579314000101","-"
"89553202100036343370","5516995700742","-","-","m2data","Algar","Falso","04/03/2024, 13:50:16","04/03/2024, 13:50:16","-","-","867232053148590","867232053148590","-","O GRUPO WIN ASSOCIAÇÃO DE BENEFICIOS","43579314000101","-"
"89553202100050051065","5516990698453","-","-","m2data","Algar","Falso","04/03/2024, 13:50:16","04/03/2024, 13:50:16","-","-","867232051582055","867232051582055","-","O GRUPO WIN ASSOCIAÇÃO DE BENEFICIOS","43579314000101","-"
"89553202100047500059","5516989758251","-","-","m2data","Algar","Falso","04/03/2024, 13:50:16","04/03/2024, 13:50:16","-","-","867232051487073","867232051487073","-","O GRUPO WIN ASSOCIAÇÃO DE BENEFICIOS","43579314000101","-"
"89553202100054651241","5516999987365","-","-","m2data","Algar","Falso","04/03/2024, 13:50:16","04/03/2024, 13:50:16","-","-","354778343339605","354778343339605","-","O GRUPO WIN ASSOCIAÇÃO DE BENEFICIOS","43579314000101","-"
"89553202100050053004","5516996710576","-","-","m2data","Algar","Falso","04/03/2024, 13:50:16","04/03/2024, 13:50:16","-","-","867232053140365","867232053140365","-","O GRUPO WIN ASSOCIAÇÃO DE BENEFICIOS","43579314000101","-"
"89553202100047499856","5516989756700","-","-","m2data","Algar","Falso","04/03/2024, 13:50:16","03/04/2025, 16:50:02","-","-","867232051647460","867232051647460","-","O GRUPO WIN ASSOCIAÇÃO DE BENEFICIOS","43579314000101","-"
"89553202100053858706","5516994843684","-","-","m2data","Algar","Falso","04/03/2024, 13:50:16","04/03/2024, 13:50:16","-","-","354778343348937","354778343348937","-","O GRUPO WIN ASSOCIAÇÃO DE BENEFICIOS","43579314000101","-"
"89553202100049998186","5516999217594","-","-","m2data","Algar","Falso","04/03/2024, 13:50:16","04/03/2024, 13:50:16","-","-","867232053179355","867232053179355","-","O GRUPO WIN ASSOCIAÇÃO DE BENEFICIOS","43579314000101","-"
"89553202100013100223","5516990735502","-","-","m2data","Algar","Falso","04/03/2024, 13:50:16","04/03/2024, 13:50:16","-","-","864893039749745","864893039749745","-","O GRUPO WIN ASSOCIAÇÃO DE BENEFICIOS","43579314000101","-"
"89553202100013095621","5516990920479","-","-","m2data","Algar","Falso","04/03/2024, 13:50:16","04/03/2024, 13:50:16","-","-","864893038449966","864893038449966","-","O GRUPO WIN ASSOCIAÇÃO DE BENEFICIOS","43579314000101","-"
"89553202100024863884","5516999196616","-","-","m2data","Algar","Falso","04/03/2024, 13:50:16","04/03/2024, 13:50:16","-","-","865205039601652","865205039601652","-","O GRUPO WIN ASSOCIAÇÃO DE BENEFICIOS","43579314000101","-"
"89553202100009385093","5516990581198","-","-","m2data","Algar","Falso","04/03/2024, 13:50:16","04/03/2024, 13:50:16","-","-","864893036503038","864893036503038","-","O GRUPO WIN ASSOCIAÇÃO DE BENEFICIOS","43579314000101","-"
"89553202100036343339","5516995697408","-","-","m2data","Algar","Falso","04/03/2024, 13:50:16","04/03/2024, 13:50:16","-","-","867232053143252","867232053143252","-","O GRUPO WIN ASSOCIAÇÃO DE BENEFICIOS","43579314000101","-"
"89553202100049998194","5516990928427","-","-","m2data","Algar","Falso","04/03/2024, 13:50:16","04/03/2024, 13:50:16","-","-","867232053145562","867232053145562","-","O GRUPO WIN ASSOCIAÇÃO DE BENEFICIOS","43579314000101","-"
"89553202100054652868","5516990589481","-","-","m2data","Algar","Falso","04/03/2024, 13:50:16","04/03/2024, 13:50:16","-","-","354778343347798","354778343347798","-","O GRUPO WIN ASSOCIAÇÃO DE BENEFICIOS","43579314000101","-"
"89553202100017422565","5516990417229","-","-","m2data","Algar","Falso","04/03/2024, 13:50:16","04/03/2024, 13:50:16","-","-","865205039311377","865205039311377","-","O GRUPO WIN ASSOCIAÇÃO DE BENEFICIOS","43579314000101","-"
"89553202100009385168","5516990582293","-","-","m2data","Algar","Falso","04/03/2024, 13:50:16","04/03/2024, 13:50:16","-","-","864893036506379","864893036506379","-","O GRUPO WIN ASSOCIAÇÃO DE BENEFICIOS","43579314000101","-"
"89553202100053858714","5516996824156","-","-","m2data","Algar","Falso","04/03/2024, 13:50:16","04/03/2024, 13:50:16","-","-","354778343360387","354778343360387","-","O GRUPO WIN ASSOCIAÇÃO DE BENEFICIOS","43579314000101","-"
"89553202100053858771","5516995708955","-","-","m2data","Algar","Falso","04/03/2024, 13:50:16","04/03/2024, 13:50:16","-","-","354778343364678","354778343364678","-","O GRUPO WIN ASSOCIAÇÃO DE BENEFICIOS","43579314000101","-"
"89553202100018029567","5516994846408","-","-","m2data","Algar","Falso","04/03/2024, 13:50:16","04/03/2024, 13:50:16","-","-","864893039751394","864893039751394","-","O GRUPO WIN ASSOCIAÇÃO DE BENEFICIOS","43579314000101","-"
"89553202100013090564","5516990906094","-","-","m2data","Algar","Falso","04/03/2024, 13:50:16","04/03/2024, 13:50:16","-","-","864893038450220","864893038450220","-","O GRUPO WIN ASSOCIAÇÃO DE BENEFICIOS","43579314000101","-"
"89553202100047472549","5516996825152","-","-","m2data","Algar","Falso","04/03/2024, 13:50:16","04/03/2024, 13:50:16","-","-","867232053150950","867232053150950","-","O GRUPO WIN ASSOCIAÇÃO DE BENEFICIOS","43579314000101","-"
"89553202100017422615","5516990419381","-","-","m2data","Algar","Falso","04/03/2024, 13:50:16","04/03/2024, 13:50:16","-","-","865205039429526","865205039429526","-","O GRUPO WIN ASSOCIAÇÃO DE BENEFICIOS","43579314000101","-"
"89553202100013090382","5516990922075","-","-","m2data","Algar","Falso","04/03/2024, 13:50:16","04/03/2024, 13:50:16","-","-","864893036505546","864893036505546","-","O GRUPO WIN ASSOCIAÇÃO DE BENEFICIOS","43579314000101","-"
"89553202100009385234","5516990589362","-","-","m2data","Algar","Falso","04/03/2024, 13:50:16","04/03/2024, 13:50:16","-","-","864893036506437","864893036506437","-","O GRUPO WIN ASSOCIAÇÃO DE BENEFICIOS","43579314000101","-"
"89553202100050035068","5516990660119","-","-","m2data","Algar","Falso","04/03/2024, 13:50:16","04/03/2024, 13:50:16","-","-","867232053173317","867232053173317","-","O GRUPO WIN ASSOCIAÇÃO DE BENEFICIOS","43579314000101","-"
"89553202100050052790","5516999040295","-","-","m2data","Algar","Falso","04/03/2024, 13:50:16","04/03/2024, 13:50:16","-","-","867232053173366","867232053173366","-","O GRUPO WIN ASSOCIAÇÃO DE BENEFICIOS","43579314000101","-"
"89553202100018029542","5516994846386","-","-","m2data","Algar","Falso","04/03/2024, 13:50:16","04/03/2024, 13:50:16","-","-","864893039751428","864893039751428","-","O GRUPO WIN ASSOCIAÇÃO DE BENEFICIOS","43579314000101","-"
"89553202100050051032","5516999845266","-","-","m2data","Algar","Falso","04/03/2024, 13:50:16","04/03/2024, 13:50:16","-","-","867232051477090","867232051477090","-","O GRUPO WIN ASSOCIAÇÃO DE BENEFICIOS","43579314000101","-"
"89553202100032363372","5516998264852","-","-","m2data","Algar","Falso","04/03/2024, 13:50:16","04/03/2024, 13:50:16","-","-","354778341660879","354778341660879","-","O GRUPO WIN ASSOCIAÇÃO DE BENEFICIOS","43579314000101","-"
"89553202100050034913","5516990903659","-","-","m2data","Algar","Falso","04/03/2024, 13:50:16","04/03/2024, 13:50:16","-","-","-","-","-","O GRUPO WIN ASSOCIAÇÃO DE BENEFICIOS","43579314000101","-"
"89553202100057038800","5516990980191","-","-","m2data","Algar","Falso","04/03/2024, 13:50:16","04/03/2024, 13:50:16","-","-","-","-","-","O GRUPO WIN ASSOCIAÇÃO DE BENEFICIOS","43579314000101","-"
"89552380157004321008","5531996919356","-","-","Vivo","Vivo","Verdadeiro","25/06/2024, 18:20:30","17/07/2024, 11:09:25","-","-","807634510","356428076345100","-","O GRUPO WIN ASSOCIAÇÃO DE BENEFICIOS","43579314000101","-"
"89552380157004320976","5531996918219","-","-","Vivo","Vivo","Verdadeiro","25/06/2024, 18:20:30","17/07/2024, 11:09:25","-","-","807634539","356428076345399","-","O GRUPO WIN ASSOCIAÇÃO DE BENEFICIOS","43579314000101","-"
"89552380157004320984","5531996918649","-","-","Vivo","Vivo","Verdadeiro","25/06/2024, 18:20:30","17/07/2024, 11:09:25","-","-","807632751","356428076327512","-","O GRUPO WIN ASSOCIAÇÃO DE BENEFICIOS","43579314000101","-"
"89552380157004321032","5531996924096","-","-","Vivo","Vivo","Verdadeiro","25/06/2024, 18:20:30","17/07/2024, 11:09:25","-","-","807634517","356428076345175","-","O GRUPO WIN ASSOCIAÇÃO DE BENEFICIOS","43579314000101","-"
"89552380157004321040","5531996927509","-","-","Vivo","Vivo","Verdadeiro","25/06/2024, 18:20:30","17/07/2024, 11:09:25","-","-","807632773","356428076327736","-","O GRUPO WIN ASSOCIAÇÃO DE BENEFICIOS","43579314000101","-"
"89552380157004321057","5531996927582","-","-","Vivo","Vivo","Verdadeiro","25/06/2024, 18:20:30","17/07/2024, 11:09:25","-","-","807632510","356428076325102","-","O GRUPO WIN ASSOCIAÇÃO DE BENEFICIOS","43579314000101","-"
"89552380157004321065","5531996927688","-","-","Vivo","Vivo","Verdadeiro","25/06/2024, 18:20:30","17/07/2024, 11:09:25","-","-","807634542","356428076345423","-","O GRUPO WIN ASSOCIAÇÃO DE BENEFICIOS","43579314000101","-"
"89552380157004931400","5531997036070","-","-","Vivo","Vivo","Verdadeiro","24/09/2024, 10:15:13","07/10/2024, 08:34:23","-","-","807800822","356428078008227","-","O GRUPO WIN ASSOCIAÇÃO DE BENEFICIOS","43579314000101","-"
"89552380157004931491","5531997124498","-","-","Vivo","Vivo","Verdadeiro","24/09/2024, 10:15:13","07/10/2024, 08:34:23","-","-","807800435","356428078004358","-","O GRUPO WIN ASSOCIAÇÃO DE BENEFICIOS","43579314000101","-"
"89552380157003509843","5531972556213","-","-","Vivo","Vivo","Verdadeiro","17/06/2024, 08:43:56","17/06/2024, 08:45:56","-","-","807653791","356428076537912","-","O GRUPO WIN ASSOCIAÇÃO DE BENEFICIOS","43579314000101","-"
"89552380157003509835","5531972549285","-","-","Vivo","Vivo","Verdadeiro","17/06/2024, 08:43:56","17/06/2024, 08:45:56","-","-","807649525","356428076495251","-","O GRUPO WIN ASSOCIAÇÃO DE BENEFICIOS","43579314000101","-"
"89552380157003509827","5531972548535","-","-","Vivo","Vivo","Verdadeiro","17/06/2024, 08:43:56","17/06/2024, 08:45:56","-","-","807653744","356428076537441","-","O GRUPO WIN ASSOCIAÇÃO DE BENEFICIOS","43579314000101","-"
"89552380157003509819","5531972545486","-","-","Vivo","Vivo","Verdadeiro","17/06/2024, 08:43:56","17/06/2024, 08:45:56","-","-","807653749","356428076537490","-","O GRUPO WIN ASSOCIAÇÃO DE BENEFICIOS","43579314000101","-"
"89552380157003509793","5531972536810","-","-","Vivo","Vivo","Verdadeiro","17/06/2024, 08:43:56","17/06/2024, 08:45:56","-","-","807652273","356428076522732","-","O GRUPO WIN ASSOCIAÇÃO DE BENEFICIOS","43579314000101","-"
"89552380157003509785","5531972486962","-","-","Vivo","Vivo","Verdadeiro","17/06/2024, 08:43:56","17/06/2024, 08:45:56","-","-","807650298","356428076502981","-","O GRUPO WIN ASSOCIAÇÃO DE BENEFICIOS","43579314000101","-"
"89552380157003509777","5531972486744","-","-","Vivo","Vivo","Verdadeiro","17/06/2024, 08:43:56","17/06/2024, 08:45:56","-","-","807652250","356428076522500","-","O GRUPO WIN ASSOCIAÇÃO DE BENEFICIOS","43579314000101","-"
"89552380157003509751","5531972480578","-","-","Vivo","Vivo","Verdadeiro","17/06/2024, 08:43:56","17/06/2024, 08:45:56","-","-","807652269","356428076522690","-","O GRUPO WIN ASSOCIAÇÃO DE BENEFICIOS","43579314000101","-"
"89552380157003509942","5531990618658","-","-","Vivo","Vivo","Verdadeiro","17/06/2024, 08:43:56","17/06/2024, 08:45:56","-","-","807653779","356428076537797","-","O GRUPO WIN ASSOCIAÇÃO DE BENEFICIOS","43579314000101","-"
"89552380157003509934","5531990611553","-","-","Vivo","Vivo","Verdadeiro","17/06/2024, 08:43:56","17/06/2024, 08:45:56","-","-","807652275","356428076522757","-","O GRUPO WIN ASSOCIAÇÃO DE BENEFICIOS","43579314000101","-"
"89552380157003509926","5531972660824","-","-","Vivo","Vivo","Verdadeiro","17/06/2024, 08:43:56","17/06/2024, 08:45:56","-","-","807652244","356428076522443","-","O GRUPO WIN ASSOCIAÇÃO DE BENEFICIOS","43579314000101","-"
"89552380157003509892","5531972605256","-","-","Vivo","Vivo","Verdadeiro","17/06/2024, 08:43:56","17/06/2024, 08:45:56","-","-","807650329","356428076503294","-","O GRUPO WIN ASSOCIAÇÃO DE BENEFICIOS","43579314000101","-"
"89552380157003509884","5531972604219","-","-","Vivo","Vivo","Verdadeiro","17/06/2024, 08:43:56","17/06/2024, 08:45:56","-","-","807652282","356428076522823","-","O GRUPO WIN ASSOCIAÇÃO DE BENEFICIOS","43579314000101","-"
"89552380157003509868","5531972562480","-","-","Vivo","Vivo","Verdadeiro","17/06/2024, 08:43:56","17/06/2024, 08:45:56","-","-","807652258","356428076522583","-","O GRUPO WIN ASSOCIAÇÃO DE BENEFICIOS","43579314000101","-"
"89552380157003509850","5531972562082","-","-","Vivo","Vivo","Verdadeiro","17/06/2024, 08:43:56","17/06/2024, 08:45:56","-","-","807652263","356428076522633","-","O GRUPO WIN ASSOCIAÇÃO DE BENEFICIOS","43579314000101","-"
"89552380157004630119","5531996435173","-","-","Vivo","Vivo","Verdadeiro","26/02/2024, 08:57:03","29/02/2024, 14:56:44","-","-","868022034750922","868022034750922","-","O GRUPO WIN ASSOCIAÇÃO DE BENEFICIOS","43579314000101","-"
"89552380157004630176","5531996491339","-","-","Vivo","Vivo","Verdadeiro","26/02/2024, 08:57:03","29/02/2024, 14:56:44","-","-","868022034749239","868022034749239","-","O GRUPO WIN ASSOCIAÇÃO DE BENEFICIOS","43579314000101","-"
"89552380157004932960","5531998229634","-","-","Vivo","Vivo","Verdadeiro","24/09/2024, 10:15:13","07/10/2024, 08:34:23","-","-","807800489","356428078004895","-","O GRUPO WIN ASSOCIAÇÃO DE BENEFICIOS","43579314000101","-"
"89552380157004931319","5531996991284","-","-","Vivo","Vivo","Verdadeiro","24/09/2024, 10:15:13","07/10/2024, 08:34:23","-","-","807800502","356428078005025","-","O GRUPO WIN ASSOCIAÇÃO DE BENEFICIOS","43579314000101","-"
"89552380157004931327","5531996994400","-","-","Vivo","Vivo","Verdadeiro","24/09/2024, 10:15:13","07/10/2024, 08:34:23","-","-","807800818","356428078008185","-","O GRUPO WIN ASSOCIAÇÃO DE BENEFICIOS","43579314000101","-"
"89552380157004931335","5531996995944","-","-","Vivo","Vivo","Verdadeiro","24/09/2024, 10:15:13","07/10/2024, 08:34:23","-","-","807801026","356428078010264","-","O GRUPO WIN ASSOCIAÇÃO DE BENEFICIOS","43579314000101","-"
"89552380157004931343","5531996999795","-","-","Vivo","Vivo","Verdadeiro","24/09/2024, 10:15:13","07/10/2024, 08:34:23","-","-","807800501","356428078005017","-","O GRUPO WIN ASSOCIAÇÃO DE BENEFICIOS","43579314000101","-"
"89552380157004931350","5531997002954","-","-","Vivo","Vivo","Verdadeiro","24/09/2024, 10:15:13","07/10/2024, 08:34:23","-","-","807800507","356428078005074","-","O GRUPO WIN ASSOCIAÇÃO DE BENEFICIOS","43579314000101","-"
"89552380157004931368","5531997014863","-","-","Vivo","Vivo","Verdadeiro","24/09/2024, 10:15:13","07/10/2024, 08:34:23","-","-","807802129","356428078021295","-","O GRUPO WIN ASSOCIAÇÃO DE BENEFICIOS","43579314000101","-"
"89552380157004931376","5531997016328","-","-","Vivo","Vivo","Verdadeiro","24/09/2024, 10:15:13","07/10/2024, 08:34:23","-","-","807798474","356428077984741","-","O GRUPO WIN ASSOCIAÇÃO DE BENEFICIOS","43579314000101","-"
"89552380157004931384","5531997032390","-","-","Vivo","Vivo","Verdadeiro","24/09/2024, 10:15:13","07/10/2024, 08:34:23","-","-","807800783","356428078007831","-","O GRUPO WIN ASSOCIAÇÃO DE BENEFICIOS","43579314000101","-"
"89552380157004931392","5531997035029","-","-","Vivo","Vivo","Verdadeiro","24/09/2024, 10:15:13","07/10/2024, 08:34:23","-","-","807801005","356428078010058","-","O GRUPO WIN ASSOCIAÇÃO DE BENEFICIOS","43579314000101","-"
"89552380157004931418","5531997041674","-","-","Vivo","Vivo","Verdadeiro","24/09/2024, 10:15:13","07/10/2024, 08:34:23","-","-","807800520","356428078005207","-","O GRUPO WIN ASSOCIAÇÃO DE BENEFICIOS","43579314000101","-"
"89552380157004931426","5531997054056","-","-","Vivo","Vivo","Verdadeiro","24/09/2024, 10:15:13","07/10/2024, 08:34:23","-","-","807800449","356428078004499","-","O GRUPO WIN ASSOCIAÇÃO DE BENEFICIOS","43579314000101","-"
"89552380157004931442","5531997069642","-","-","Vivo","Vivo","Verdadeiro","24/09/2024, 10:15:13","07/10/2024, 08:34:23","-","-","807800860","356428078008607","-","O GRUPO WIN ASSOCIAÇÃO DE BENEFICIOS","43579314000101","-"
"89552380157004931459","5531997087085","-","-","Vivo","Vivo","Verdadeiro","24/09/2024, 10:15:13","07/10/2024, 08:34:23","-","-","807800873","356428078008730","-","O GRUPO WIN ASSOCIAÇÃO DE BENEFICIOS","43579314000101","-"
"89552380157004931475","5531997114325","-","-","Vivo","Vivo","Verdadeiro","24/09/2024, 10:15:13","07/10/2024, 08:34:23","-","-","807800854","356428078008540","-","O GRUPO WIN ASSOCIAÇÃO DE BENEFICIOS","43579314000101","-"
"89552380157004931483","5531997123158","-","-","Vivo","Vivo","Verdadeiro","24/09/2024, 10:15:13","07/10/2024, 08:34:23","-","-","807800996","356428078009969","-","O GRUPO WIN ASSOCIAÇÃO DE BENEFICIOS","43579314000101","-"
"89552380157004931509","5531997125824","-","-","Vivo","Vivo","Verdadeiro","24/09/2024, 10:15:13","07/10/2024, 08:34:23","-","-","807800850","356428078008508","-","O GRUPO WIN ASSOCIAÇÃO DE BENEFICIOS","43579314000101","-"
"89552380157004321016","5531996919754","-","-","Vivo","Vivo","Verdadeiro","25/06/2024, 18:20:30","17/07/2024, 11:09:25","-","-","807633115","356428076331159","-","O GRUPO WIN ASSOCIAÇÃO DE BENEFICIOS","43579314000101","-"
"89552380157004321024","5531996921159","-","-","Vivo","Vivo","Verdadeiro","25/06/2024, 18:20:30","17/07/2024, 11:09:25","-","-","807634526","356428076345266","-","O GRUPO WIN ASSOCIAÇÃO DE BENEFICIOS","43579314000101","-"
"89552380157004321099","5531996933977","-","-","Vivo","Vivo","Verdadeiro","25/06/2024, 18:20:30","17/07/2024, 11:09:25","-","-","807634086","356428076340861","-","O GRUPO WIN ASSOCIAÇÃO DE BENEFICIOS","43579314000101","-"
"89552380157004321107","5531996934857","-","-","Vivo","Vivo","Verdadeiro","25/06/2024, 18:20:30","17/07/2024, 11:09:25","-","-","807634535","356428076345357","-","O GRUPO WIN ASSOCIAÇÃO DE BENEFICIOS","43579314000101","-"
"89552380157004321115","5531996935814","-","-","Vivo","Vivo","Verdadeiro","25/06/2024, 18:20:30","17/07/2024, 11:09:25","-","-","807634504","356428076345043","-","O GRUPO WIN ASSOCIAÇÃO DE BENEFICIOS","43579314000101","-"
"89552380157004321123","5531996935953","-","-","Vivo","Vivo","Verdadeiro","25/06/2024, 18:20:30","17/07/2024, 11:09:25","-","-","807633327","356428076333270","-","O GRUPO WIN ASSOCIAÇÃO DE BENEFICIOS","43579314000101","-"
"89552380157004321131","5531996936423","-","-","Vivo","Vivo","Verdadeiro","25/06/2024, 18:20:30","17/07/2024, 11:09:25","-","-","807632499","356428076324998","-","O GRUPO WIN ASSOCIAÇÃO DE BENEFICIOS","43579314000101","-"
"89552380157004321149","5531996938134","-","-","Vivo","Vivo","Verdadeiro","25/06/2024, 18:20:30","17/07/2024, 11:09:25","-","-","807634522","356428076345225","-","O GRUPO WIN ASSOCIAÇÃO DE BENEFICIOS","43579314000101","-"
"89552380157004321156","5531996938139","-","-","Vivo","Vivo","Verdadeiro","25/06/2024, 18:20:30","17/07/2024, 11:09:25","-","-","807634549","356428076345498","-","O GRUPO WIN ASSOCIAÇÃO DE BENEFICIOS","43579314000101","-"
"89552380157004321164","5531996938443","-","-","Vivo","Vivo","Verdadeiro","25/06/2024, 18:20:30","17/07/2024, 11:09:25","-","-","807633136","356428076331365","-","O GRUPO WIN ASSOCIAÇÃO DE BENEFICIOS","43579314000101","-"
"89552380157004630028","5531996265899","-","-","Vivo","Vivo","Verdadeiro","26/02/2024, 08:57:03","29/02/2024, 14:56:44","-","-","807564600","356428075646003","-","O GRUPO WIN ASSOCIAÇÃO DE BENEFICIOS","43579314000101","-"
"89552380157004630036","5531996312375","-","-","Vivo","Vivo","Verdadeiro","26/02/2024, 08:57:03","29/02/2024, 14:56:44","-","-","807563941","356428075639412","-","O GRUPO WIN ASSOCIAÇÃO DE BENEFICIOS","43579314000101","-"
"89552380157004630093","5531996423501","-","-","Vivo","Vivo","Verdadeiro","26/02/2024, 08:57:03","29/02/2024, 14:56:44","-","-","868022034765631","868022034765631","-","O GRUPO WIN ASSOCIAÇÃO DE BENEFICIOS","43579314000101","-"
"89552380157004630135","5531996437128","-","-","Vivo","Vivo","Verdadeiro","26/02/2024, 08:57:03","29/02/2024, 14:56:44","-","-","868022034760798","868022034760798","-","O GRUPO WIN ASSOCIAÇÃO DE BENEFICIOS","43579314000101","-"
"89552380157004630069","5531996415401","-","-","Vivo","Vivo","Verdadeiro","26/02/2024, 08:57:03","29/02/2024, 14:56:44","-","-","807563946","356428075639461","-","O GRUPO WIN ASSOCIAÇÃO DE BENEFICIOS","43579314000101","-"
"89552380157004630077","5531996418159","-","-","Vivo","Vivo","Verdadeiro","26/02/2024, 08:57:03","29/02/2024, 14:56:44","-","-","807563933","356428075639339","-","O GRUPO WIN ASSOCIAÇÃO DE BENEFICIOS","43579314000101","-"
"89552380157004630101","5531996425677","-","-","Vivo","Vivo","Verdadeiro","26/02/2024, 08:57:03","29/02/2024, 14:56:44","-","-","868022034757604","868022034757604","-","O GRUPO WIN ASSOCIAÇÃO DE BENEFICIOS","43579314000101","-"
"89552380157004630127","5531996436990","-","-","Vivo","Vivo","Verdadeiro","26/02/2024, 08:57:03","29/02/2024, 14:56:44","-","-","868022034760004","868022034760004","-","O GRUPO WIN ASSOCIAÇÃO DE BENEFICIOS","43579314000101","-"
"89552380157004630150","5531996463014","-","-","Vivo","Vivo","Verdadeiro","26/02/2024, 08:57:03","29/02/2024, 14:56:44","-","-","868022034750591","868022034750591","-","O GRUPO WIN ASSOCIAÇÃO DE BENEFICIOS","43579314000101","-"
"89552380157004630184","5531996493183","-","-","Vivo","Vivo","Verdadeiro","26/02/2024, 08:57:03","29/02/2024, 14:56:44","-","-","868022034759923","868022034759923","-","O GRUPO WIN ASSOCIAÇÃO DE BENEFICIOS","43579314000101","-"
"89552380157004630044","5531996369659","-","-","Vivo","Vivo","Verdadeiro","26/02/2024, 08:57:03","29/02/2024, 14:56:44","-","-","807563988","356428075639883","-","O GRUPO WIN ASSOCIAÇÃO DE BENEFICIOS","43579314000101","-"
"89552380157004629996","5531996200076","-","-","Vivo","Vivo","Verdadeiro","26/02/2024, 08:57:03","29/02/2024, 14:56:44","-","-","807563651","356428075636517","-","O GRUPO WIN ASSOCIAÇÃO DE BENEFICIOS","43579314000101","-"
"89552380157004630051","5531996396606","-","-","Vivo","Vivo","Verdadeiro","26/02/2024, 08:57:03","29/02/2024, 14:56:44","-","-","807563937","356428075639370","-","O GRUPO WIN ASSOCIAÇÃO DE BENEFICIOS","43579314000101","-"
"89552380157004630143","5531996443280","-","-","Vivo","Vivo","Verdadeiro","26/02/2024, 08:57:03","29/02/2024, 14:56:44","-","-","868022034766662","868022034766662","-","O GRUPO WIN ASSOCIAÇÃO DE BENEFICIOS","43579314000101","-"
"89552380157004630168","5531996472318","-","-","Vivo","Vivo","Verdadeiro","26/02/2024, 08:57:03","29/02/2024, 14:56:44","-","-","868022034758032","868022034758032","-","O GRUPO WIN ASSOCIAÇÃO DE BENEFICIOS","43579314000101","-"
"89552380157004630002","5531996202246","-","-","Vivo","Vivo","Verdadeiro","26/02/2024, 08:57:03","29/02/2024, 14:56:44","-","-","807564593","356428075645930","-","O GRUPO WIN ASSOCIAÇÃO DE BENEFICIOS","43579314000101","-"
"89552380157004630010","5531996207009","-","-","Vivo","Vivo","Verdadeiro","26/02/2024, 08:57:03","29/02/2024, 14:56:44","-","-","807563957","356428075639578","-","O GRUPO WIN ASSOCIAÇÃO DE BENEFICIOS","43579314000101","-"
"89552380157004630085","5531996419171","-","-","Vivo","Vivo","Verdadeiro","26/02/2024, 08:57:03","29/02/2024, 14:56:44","-","-","807564574","356428075645740","-","O GRUPO WIN ASSOCIAÇÃO DE BENEFICIOS","43579314000101","-"
"89551080337006763846","5511950910462","-","-","Allcom","Vivo","Verdadeiro","21/01/2019, 11:16:06","21/01/2019, 11:16:06","-","-","862193027840941","862193027840941","-","O GRUPO WIN ASSOCIAÇÃO DE BENEFICIOS","43579314000101","-"
